Currency code	Exchange rate (in USD)
EUR	1.171400
GBP	1.354509
CHF	1.254598
SEK	0.106976
DKK	0.156911
NOK	0.100861
CZK	0.048025
PLN	0.274871
HUF	0.002980
INR	0.011352
TRY	0.024222
ILS	0.300546
CNY	0.140399
JPY	0.006787
USD	1.000000
